jméno,pravda,nepravda,zavádějící,neověřitelné,míra nepravdivosti
09 TOP,0,0,0,0,0.0
ANO Politické hnutí ,0,0,0,0,0.0
Abeceda Migrace,0,0,0,0,0.0
Adam Rykala,2,0,0,0,0.0
Adriana Krnáčová,2,1,1,0,0.25
Alena Dernerová,5,0,0,1,0.0
Alena Gajdůšková,0,1,0,0,1.0
Alena Hanáková,0,0,0,1,0.0
Alexander Černý,0,0,1,0,0.0
Alexandr Vondra,8,1,1,0,0.1
Alexandra Udženija,17,6,6,3,0.1875
Aleš Brichta,0,1,2,1,0.25
Aleš Jakubec,4,2,0,1,0.2857142857142857
Aleš Roztočil,0,1,0,0,1.0
Andrea Češková,1,0,0,0,0.0
Andrej Babiš,229,78,73,115,0.15757575757575756
Anna Hubáčková,1,2,0,0,0.6666666666666666
Anna Putnová,2,0,0,0,0.0
Antonín Prachař,6,0,1,0,0.0
Antonín Seďa,1,1,0,0,0.5
Antonín Staněk,1,1,0,2,0.25
Bohumil Trávník,6,0,0,1,0.0
Bohumil Šimek,5,1,0,0,0.16666666666666666
Bohuslav Borovanský,0,0,0,1,0.0
Bohuslav Sobotka,426,44,39,43,0.07971014492753623
Bohuslav Svoboda,19,6,5,6,0.16666666666666666
Boris Šťastný,5,1,1,0,0.14285714285714285
Bořivoj Šarapatka,6,0,0,0,0.0
Dagmar Waicová,1,0,1,0,0.0
Dan Ramzer,3,1,0,1,0.2
Dana Váhalová,3,0,0,0,0.0
Daniel Herman,14,0,1,2,0.0
Daniel Lipšic,0,0,0,0,0.0
David Rath,14,11,7,8,0.275
David Sventek,6,1,1,1,0.1111111111111111
Diskutéři Novinky.cz,0,0,0,0,0.0
Dita Charanzová,10,1,1,4,0.0625
Dominik Feri,0,0,0,0,0.0
Dominika Kovaříková,3,0,0,1,0.0
Edvard Kožušník,0,0,0,0,0.0
Eliška Wagnerová,13,2,0,1,0.125
Eva Bartoňová,2,0,0,0,0.0
Evžen Tošenovský,7,0,1,2,0.0
František Bublan,8,3,0,5,0.1875
František Gábor,1,1,0,1,0.3333333333333333
František Lukl,0,0,0,0,0.0
František Novosad,0,0,0,0,0.0
František Vižďa,4,3,0,1,0.375
František Čech,0,0,0,0,0.0
František Čuba,0,0,0,0,0.0
Gabriela Pecková,0,0,0,1,0.0
Haló noviny,3,4,2,1,0.4
Hana Horská,1,0,0,2,0.0
Helena Langšádlová,14,1,1,2,0.05555555555555555
Helena Sýkorová,2,1,0,0,0.3333333333333333
Helena Válková,1,2,1,2,0.3333333333333333
Hynek Fajmon,9,1,1,0,0.09090909090909091
Hynek Kmoníček,0,0,0,0,0.0
Igor Jakubčík,0,0,0,0,0.0
Ivan Bartoš,37,5,5,2,0.10204081632653061
Ivan Langer,6,2,0,4,0.16666666666666666
Ivan Mařák,9,2,0,2,0.15384615384615385
Ivan Ohlídal,4,0,0,0,0.0
Ivo Petřík,1,0,0,1,0.0
Ivo Pojezný,2,1,0,1,0.25
Ivo Přichystal,0,0,0,0,0.0
Ivo Strejček,0,0,0,0,0.0
Ivo Valenta,4,2,1,1,0.25
Jakub Michálek,6,2,2,0,0.2
Jakub Mráček,4,0,0,0,0.0
Jan Bartošek,18,1,2,6,0.037037037037037035
Jan Březina,1,0,0,0,0.0
Jan Chvojka,6,0,3,1,0.0
Jan Farský,0,0,0,0,0.0
Jan Fischer,24,2,1,4,0.06451612903225806
Jan Hamáček,1,0,0,0,0.0
Jan Horník,3,1,0,2,0.16666666666666666
Jan Husák,0,0,0,0,0.0
Jan Keller,12,1,0,0,0.07692307692307693
Jan Kohout,6,0,1,2,0.0
Jan Korytář,11,0,0,1,0.0
Jan Kubice,16,2,1,13,0.0625
Jan Látka,1,0,1,0,0.0
Jan Mládek,27,4,4,6,0.0975609756097561
Jan Pijáček,4,0,1,2,0.0
Jan Skopeček,4,0,1,0,0.0
Jan Slámečka,5,1,0,1,0.14285714285714285
Jan Veleba,4,2,0,1,0.2857142857142857
Jan Vitula,4,4,0,3,0.36363636363636365
Jan Volný,2,2,0,1,0.4
Jan Zahradil,50,3,6,2,0.04918032786885246
Jan Zahradník,4,2,0,1,0.2857142857142857
Jana Bobošíková,34,8,7,9,0.13793103448275862
Jana Drápalová,0,0,0,0,0.0
Jana Hnyková,3,1,2,1,0.14285714285714285
Jana Lorencová,3,1,0,2,0.16666666666666666
Jana Vaňhová,7,1,1,4,0.07692307692307693
Jana Volfová,0,0,0,0,0.0
Jana Zwyrtek Hamplová,4,0,0,0,0.0
Jana Černochová,7,4,3,2,0.25
Jaromír Baxa,6,0,0,0,0.0
Jaromír Drábek,55,13,5,16,0.14606741573033707
Jaromír Kalina,4,0,0,3,0.0
Jaromír Kohlíček,0,0,0,0,0.0
Jaroslav Borka,6,1,1,1,0.1111111111111111
Jaroslav Bžoch,0,0,0,1,0.0
Jaroslav Doubrava,1,3,2,5,0.2727272727272727
Jaroslav Faltýnek,46,24,10,11,0.26373626373626374
Jaroslav Foldyna,0,0,0,0,0.0
Jaroslav Kacer,1,0,0,0,0.0
Jaroslav Klaška,1,0,1,0,0.0
Jaroslav Kubera,20,7,6,4,0.1891891891891892
Jaroslav Malý,7,0,0,0,0.0
Jaroslav Větrovský,2,0,0,1,0.0
Jaroslav Zavadil,4,3,1,0,0.375
Jaroslav Zedník,3,2,0,0,0.4
Jaroslava Pokorná Jermanová,6,3,1,3,0.23076923076923078
Jeroným Tejc,37,6,6,9,0.10344827586206896
Jitka Seitlová,3,1,1,2,0.14285714285714285
Jitka Volfová,3,1,0,0,0.25
Jiří Běhounek,12,3,1,4,0.15
Jiří Crha,10,3,0,0,0.23076923076923078
Jiří Dienstbier,96,8,6,8,0.06779661016949153
Jiří Dolejš,15,1,1,0,0.058823529411764705
Jiří Domlátil,1,1,1,0,0.3333333333333333
Jiří Hlavenka,2,0,1,0,0.0
Jiří Hůlka,0,0,0,0,0.0
Jiří Janeček,0,0,0,0,0.0
Jiří Kočandrle,5,0,0,2,0.0
Jiří Maštálka,0,0,0,0,0.0
Jiří Mihola,1,0,0,0,0.0
Jiří Oliva,4,0,0,1,0.0
Jiří Ovčáček,0,0,0,0,0.0
Jiří Paroubek,11,2,3,2,0.1111111111111111
Jiří Payne,1,2,0,0,0.6666666666666666
Jiří Petrů,1,0,0,0,0.0
Jiří Pospíšil,74,15,13,18,0.125
Jiří Rozbořil,3,0,1,1,0.0
Jiří Rusnok,49,4,1,7,0.06557377049180328
Jiří Vyvadil,0,0,0,0,0.0
Jiří Zelenka,0,0,0,0,0.0
Jiří Zimola,13,5,4,5,0.18518518518518517
Jiří Zlatuška,6,1,0,0,0.14285714285714285
Jiří Čunek,15,2,0,1,0.1111111111111111
Jiří Čáslavka,9,0,1,0,0.0
Jiří Šlégr,0,2,0,1,0.6666666666666666
Jiří Švec,3,1,1,0,0.2
John F. Kennedy,0,0,0,0,0.0
Josef Babka,5,4,0,0,0.4444444444444444
Josef Hora,1,0,0,0,0.0
Josef Novotný,6,3,2,2,0.23076923076923078
Josef Pavlík,5,0,0,1,0.0
Josef Řihák,4,2,3,1,0.2
Kamil Jankovský,1,0,0,5,0.0
Karel Doležal,1,0,1,1,0.0
Karel Schwarzenberg,125,7,8,17,0.044585987261146494
Karel Šidlo,3,4,0,1,0.5
Karla Šlechtová,24,4,2,4,0.11764705882352941
Karola Haasová,1,0,0,0,0.0
Karolína Peake,40,5,3,6,0.09259259259259259
Kateřina Klasnová,6,0,0,1,0.0
Kateřina Konečná,26,11,10,6,0.20754716981132076
Kateřina Valachová,26,6,3,9,0.13636363636363635
Klára Liptáková,3,0,1,1,0.0
Klára Samková,4,5,1,3,0.38461538461538464
Koalice 2014-2017,0,0,0,0,0.0
Komunistická strana Čech a Moravy,0,0,0,0,0.0
Ladislav Jirků,3,0,0,0,0.0
Ladislav Kos,3,1,0,1,0.2
Ladislav Velebný,4,0,0,0,0.0
Ladislav Šincl,0,0,0,0,0.0
Ladislav Šnevajs,2,0,1,0,0.0
Lenka Bártlová,2,0,1,0,0.0
Lenka Kadlecová,6,1,1,0,0.125
Lenka Kohoutová,11,0,1,0,0.0
Lenka Kováčová,0,0,0,0,0.0
Leoš Heger,46,6,3,18,0.0821917808219178
Liana Janáčková,1,1,0,1,0.3333333333333333
Libor Honzárek,3,1,0,0,0.25
Libor Lukáš,4,0,0,2,0.0
Libor Rouček,8,1,0,2,0.09090909090909091
Lidie Vajnerová,1,0,2,0,0.0
Lubomír Franc,8,1,1,5,0.06666666666666667
Lubomír Nečas,1,1,0,1,0.3333333333333333
Lubomír Zaorálek,118,19,12,28,0.10734463276836158
Luboš Měkota,0,0,0,0,0.0
Luboš Průša,8,1,0,2,0.09090909090909091
Ludmila Müllerová,22,3,1,4,0.1
Ludvík Adámek,5,1,0,0,0.16666666666666666
Luděk Niedermayer,30,2,4,2,0.05263157894736842
Lukáš Semerák,4,1,0,2,0.14285714285714285
Lukáš Tůma,3,0,0,1,0.0
Lukáš Vlček,1,1,0,0,0.5
Lukáš Černohorský,4,1,0,0,0.2
Lumír Palyza,1,0,1,2,0.0
Marcel Chládek,8,0,0,3,0.0
Marek Benda,4,1,1,0,0.16666666666666666
Marek Pieter,6,4,0,0,0.4
Marek Poledníček,2,1,0,1,0.25
Marek Černoch,3,0,1,3,0.0
Marek Ženíšek,9,0,0,1,0.0
Margita Balaštíková,2,1,1,1,0.2
Marian Jurečka,57,2,6,19,0.023809523809523808
Marie Benešová,1,0,0,0,0.0
Marie Nedvědová,1,1,0,0,0.5
Markéta Záleská,2,0,1,0,0.0
Marta Semelová,10,2,2,1,0.13333333333333333
Martin Baxa,3,1,0,0,0.25
Martin Bursík,11,1,0,2,0.07142857142857142
Martin Holcát,1,0,0,0,0.0
Martin Juroška,3,1,0,0,0.25
Martin Komárek,11,2,1,1,0.13333333333333333
Martin Konvička,5,6,4,4,0.3157894736842105
Martin Kuba,23,4,1,7,0.11428571428571428
Martin Major,3,2,2,0,0.2857142857142857
Martin Maleček,3,3,0,2,0.375
Martin Marek,3,1,0,0,0.25
Martin Netolický,9,0,0,2,0.0
Martin Pecina,35,5,4,7,0.09803921568627451
Martin Piperek,1,0,0,0,0.0
Martin Půta,19,2,1,4,0.07692307692307693
Martin Schubert,4,0,0,0,0.0
Martin Schulz,22,4,3,5,0.11764705882352941
Martin Stropnický,60,5,7,17,0.056179775280898875
Martin Zrzavecký,3,0,1,3,0.0
Martin Štěpánek,3,0,3,1,0.0
Matěj Fichtner,0,0,0,1,0.0
Matěj Hollan,7,0,0,0,0.0
Matěj Stropnický,18,3,4,2,0.1111111111111111
Michaela Jílková,5,0,0,1,0.0
Michaela Marksová,22,1,1,6,0.03333333333333333
Michal Babák,7,2,2,2,0.15384615384615385
Michal Doktor,0,0,0,0,0.0
Michal Hašek,48,9,12,15,0.10714285714285714
Michal Horáček,4,3,0,1,0.375
Michal Kasal,1,1,0,0,0.5
Mikuláš Ferjenčík,1,0,0,0,0.0
Milada Emmerová,0,0,0,0,0.0
Milan Cabrnoch,2,0,0,0,0.0
Milan Chovanec,91,24,18,27,0.15
Milan Feranec,2,0,0,1,0.0
Milan Plodík,5,2,0,1,0.25
Milan Urban,8,3,1,2,0.21428571428571427
Milan Šarapatka,0,1,0,0,1.0
Milan Štěch,26,2,2,3,0.06060606060606061
Miloslav Ludvík,3,2,0,6,0.18181818181818182
Miloslav Plass,7,0,2,1,0.0
Miloslav Ransdorf,18,11,1,9,0.28205128205128205
Miloslava Vostrá,7,2,1,0,0.2
Milouš Jakeš,0,0,0,0,0.0
Miloš Vystrčil,4,2,0,1,0.2857142857142857
Miloš Zeman,233,86,38,54,0.20924574209245742
Mirek Topolánek,0,0,0,0,0.0
Miroslav Adámek,2,2,1,3,0.25
Miroslav Antl,1,0,0,0,0.0
Miroslav Grebeníček,0,0,0,0,0.0
Miroslav Kalousek,253,60,31,64,0.14705882352941177
Miroslav Novák,30,4,3,8,0.08888888888888889
Miroslav Opálka,2,1,0,0,0.3333333333333333
Miroslav Ouzký,0,0,0,0,0.0
Miroslav Poche,1,1,3,1,0.16666666666666666
Miroslav Rovenský,3,0,0,1,0.0
Miroslav Tancoš,2,1,0,2,0.2
Miroslav Toman,3,0,1,1,0.0
Miroslav Váňa,0,0,0,0,0.0
Miroslav Zámečník,4,2,1,1,0.25
Miroslava Němcová,53,7,8,10,0.08974358974358974
Miroslava Strnadlová,0,0,0,0,0.0
Nigel Farage,14,1,5,3,0.043478260869565216
Oldřich Bubeníček,6,0,0,2,0.0
Oldřich Vlasák,33,8,1,3,0.17777777777777778
Olga Sehnalová,0,0,0,0,0.0
Ondřej Liška,26,3,2,8,0.07692307692307693
Ondřej Ženíšek,2,0,0,1,0.0
Ota Benc,3,1,0,0,0.25
Otakar Ruml,3,0,0,0,0.0
Otto Chaloupka,0,0,0,0,0.0
Pavel Blažek,44,8,8,8,0.11764705882352941
Pavel Botek,1,0,1,1,0.0
Pavel Bém,7,1,2,1,0.09090909090909091
Pavel Bělobrádek,78,7,5,21,0.06306306306306306
Pavel Dobeš,10,1,1,6,0.05555555555555555
Pavel Grasse,3,0,0,0,0.0
Pavel Hroch,1,1,0,2,0.25
Pavel Jetenský,4,3,0,2,0.3333333333333333
Pavel Kováčik,24,8,7,6,0.17777777777777778
Pavel Poc,5,0,0,0,0.0
Pavel Suchánek,5,2,1,3,0.18181818181818182
Pavel Svoboda,6,1,0,2,0.1111111111111111
Pavel Talíř,2,1,1,0,0.25
Pavel Telička,18,3,1,3,0.12
Pavel Čížek,1,1,1,1,0.25
Pavel Šrámek,1,1,0,3,0.2
Pavel Žáček,4,0,0,0,0.0
Pavla Brady,5,0,0,0,0.0
Pavlína Nytrová,0,0,0,0,0.0
Pavol Lukša,3,0,0,1,0.0
Petr Bendl,24,3,4,10,0.07317073170731707
Petr Braný,0,0,0,0,0.0
Petr Cibulka,0,0,0,0,0.0
Petr Fiala,126,14,19,20,0.0782122905027933
Petr Gazdík,25,2,6,5,0.05263157894736842
Petr Hannig,7,3,2,2,0.21428571428571427
Petr Holeček,0,0,0,0,0.0
Petr Kotáb,2,1,1,1,0.2
Petr Mach,38,8,10,3,0.13559322033898305
Petr Mlsna,2,0,1,2,0.0
Petr Měsíc,0,0,0,2,0.0
Petr Navrátil,6,3,1,2,0.25
Petr Nečas,121,18,9,24,0.10465116279069768
Petr Náhlík,4,0,3,2,0.0
Petr Robejšek,0,0,0,0,0.0
Petr Skokan,0,0,1,1,0.0
Petr Tupec,5,2,0,0,0.2857142857142857
Petr Vaněk,2,0,0,1,0.0
Petr Vokřál,3,0,0,0,0.0
Petr Šilar,5,1,0,2,0.125
Petr Šimůnek,3,2,0,0,0.4
Petr Šindelář,2,0,1,0,0.0
Petr Štěpánek,5,0,0,2,0.0
Přemysl Sobotka,26,5,5,6,0.11904761904761904
Radek John,27,4,3,9,0.09302325581395349
Radim Fiala,2,2,1,0,0.4
Radim Špaček,4,0,0,0,0.0
Radka Maxová,3,1,1,0,0.2
Raduan Nwelati,3,1,0,1,0.2
Richard Falbr,6,2,0,2,0.2
Robert Dušek,0,0,0,0,0.0
Robert Fico,13,1,0,1,0.06666666666666667
Robert Pelikán,33,1,3,6,0.023255813953488372
Roman Celý,2,5,1,1,0.5555555555555556
Roman Línek,3,2,0,0,0.4
Roman Onderka,2,2,2,3,0.2222222222222222
Roman Sklenák,0,0,0,0,0.0
Rostislav Senjuk,9,1,1,1,0.08333333333333333
Rostislav Vyzula,3,0,2,1,0.0
Rudolf Cogan,4,1,0,1,0.16666666666666666
Rudolf Vyčichla,0,0,1,0,0.0
Soňa Marková,13,4,0,3,0.2
Stanislav Grospič,0,0,0,0,0.0
Stanislav Gross,0,0,0,0,0.0
Stanislav Huml,1,0,0,0,0.0
Stanislav Juránek,3,1,1,1,0.16666666666666666
Stanislav Mackovík,7,2,5,3,0.11764705882352941
Stanislav Mišák,2,3,0,1,0.5
Stanislav Polčák,29,3,0,3,0.08571428571428572
Svatomír Mlčoch,6,3,2,0,0.2727272727272727
Svatopluk Němeček,16,2,3,1,0.09090909090909091
Tereza Bernardová,4,1,2,2,0.1111111111111111
Tomio Okamura,102,62,46,26,0.2627118644067797
Tomáš Chalupa,9,0,2,3,0.0
Tomáš Hudeček,14,4,2,3,0.17391304347826086
Tomáš Jirsa,8,1,1,4,0.07142857142857142
Tomáš Kladívko,1,2,0,1,0.5
Tomáš Macura,2,0,1,3,0.0
Tomáš Podivínský,0,0,0,0,0.0
Tomáš Sýkora,1,0,0,0,0.0
Tomáš Vandas,2,2,2,0,0.3333333333333333
Táňa Fischerová,18,1,2,3,0.041666666666666664
Uprchlická krize,0,0,0,0,0.0
Veronika Vrecionová,0,0,0,0,0.0
Vladimir Putin,11,5,7,6,0.1724137931034483
Vladimír Bärtl,0,0,1,0,0.0
Vladimír Dlouhý,17,0,1,2,0.0
Vladimír Dryml,10,1,2,1,0.07142857142857142
Vladimír Duchek,3,1,1,0,0.2
Vladimír Franz,16,3,2,4,0.12
Vladimír Remek,0,0,0,0,0.0
Vladimír Stehlík,2,2,0,6,0.2
Vladimír Špidla,1,0,0,0,0.0
Vladimíra Lesenská,0,1,0,0,1.0
Vladislav Raška,5,1,0,2,0.125
Vlasta Bohdalová,1,0,0,0,0.0
Vlastislav Navrátil,1,1,0,0,0.5
Vojtěch Adam,2,0,0,0,0.0
Vojtěch Filip,80,34,26,15,0.21935483870967742
Vojtěch Mynář,0,0,0,0,0.0
Vratislav Mynář,11,2,0,2,0.13333333333333333
Václav Hampl,2,1,0,0,0.3333333333333333
Václav Klaus,0,0,0,0,0.0
Václav Klučka,0,0,0,0,0.0
Václav Láska,4,0,0,1,0.0
Václav Mencl,2,0,1,0,0.0
Václav Moravec,24,0,1,1,0.0
Václav Neubauer,0,0,0,0,0.0
Václav Srb,0,0,0,0,0.0
Václav Votava,0,0,0,0,0.0
Václav Zemek,0,0,0,0,0.0
Václav Štekl,1,0,0,1,0.0
Vít Bárta,22,12,7,12,0.22641509433962265
Vít Jedlička,2,3,3,1,0.3333333333333333
Vít Kaňkovský,4,0,1,0,0.0
Vít Slováček,2,0,0,1,0.0
Věra Flasarová,0,0,0,0,0.0
Zakaría Nemrah,0,1,0,0,1.0
Zbyněk Pražák,4,1,0,0,0.2
Zbyněk Stanjura,57,5,2,4,0.07352941176470588
Zdeněk Bezecný,7,1,1,0,0.1111111111111111
Zdeněk Dvořák,2,1,0,0,0.3333333333333333
Zdeněk Geist,3,0,0,0,0.0
Zdeněk Kopecký,4,1,0,1,0.16666666666666666
Zdeněk Ondráček,5,0,1,2,0.0
Zdeněk Papoušek,2,0,1,1,0.0
Zdeněk Schwarz,1,2,1,2,0.3333333333333333
Zdeněk Soukup,3,4,1,3,0.36363636363636365
Zdeněk Škromach,40,10,10,5,0.15384615384615385
Zdeněk Štengl,0,0,0,0,0.0
Zdeněk Žák,17,5,5,13,0.125
Zdeňka Hamousová,1,0,0,1,0.0
Zuzana Baudyšová,2,2,0,1,0.4
Zuzana Brzobohatá,0,0,0,0,0.0
Zuzana Kocumová,6,0,1,3,0.0
Zuzana Roithová,43,6,6,18,0.0821917808219178
Štefan Füle,9,0,0,1,0.0
